Season,Club Name,Country,Competition,League Rank,Matches Played,Wins,Draws,Losses,Goals For,Goals Against,Goal Difference,Points,Attendance,Top Team Scorer,Goalkeeper,Notes
2025-2026,Manchester Utd,ENG,Premier League,3rd,38,20,11,7,69,50,19,71,73960,"Bryan Mbeumo, Benjamin ≈†e≈°ko - 11",Senne Lammens,‚Üí Champions League via league finish
2024-2025,Manchester Utd,ENG,Premier League,15th,38,11,9,18,44,54,-10,42,73747,"Bruno Fernandes, Amad Diallo - 8",Andr√© Onana, 
2023-2024,Manchester Utd,ENG,Premier League,8th,38,18,6,14,57,58,-1,60,73533,"Rasmus H√∏jlund, Bruno Fernandes - 10",Andr√© Onana,‚Üí Europa League via cup win
2022-2023,Manchester Utd,ENG,Premier League,3rd,38,23,6,9,58,43,15,75,73671,Marcus Rashford - 17,David de Gea,‚Üí Champions League via league finish
2021-2022,Manchester Utd,ENG,Premier League,6th,38,16,10,12,57,57,0,58,73150,Cristiano Ronaldo - 18,David de Gea,‚Üí Europa League via league finish
2020-2021,Manchester Utd,ENG,Premier League,2nd,38,21,11,6,73,44,29,74,526,Bruno Fernandes - 18,David de Gea,‚Üí Champions League via league finish
2019-2020,Manchester Utd,ENG,Premier League,3rd,38,18,12,8,66,36,30,66,57415,"Anthony Martial, Marcus Rashford - 17",David de Gea,‚Üí Champions League via league finish
2018-2019,Manchester Utd,ENG,Premier League,6th,38,19,9,10,65,54,11,66,74498,Paul Pogba - 13,David de Gea,‚Üí Europa League via league finish
2017-2018,Manchester Utd,ENG,Premier League,2nd,38,25,6,7,68,28,40,81,74976,Romelu Lukaku - 16,David de Gea,‚Üí Champions League via league finish
2016-2017,Manchester Utd,ENG,Premier League,6th,38,18,15,5,54,29,25,69,75290,Zlatan Ibrahimoviƒá - 17,David de Gea,‚Üí Champions League via Europa League win
2015-2016,Manchester Utd,ENG,Premier League,5th,38,19,9,10,49,35,14,66,75279,Anthony Martial - 11,David de Gea,‚Üí Europa League via cup win
2014-2015,Manchester Utd,ENG,Premier League,4th,38,20,10,8,62,37,25,70,75335,Wayne Rooney - 12,David de Gea,‚Üí Champions League via league finish
2013-2014,Manchester Utd,ENG,Premier League,7th,38,19,7,12,64,43,21,64,75207,"Wayne Rooney, Bruno Fernandes - 17",David de Gea, 
2012-2013,Manchester Utd,ENG,Premier League,1st,38,28,5,5,86,43,43,89,75530,Robin van Persie - 26,David de Gea,‚Üí Champions League via league finish
2011-2012,Manchester Utd,ENG,Premier League,2nd,38,28,5,5,89,33,56,89,75387,Wayne Rooney - 27,David de Gea,‚Üí Champions League via league finish
2010-2011,Manchester Utd,ENG,Premier League,1st,38,23,11,4,78,37,41,80,75109,Dimitar Berbatov - 20,Edwin van der Sar,‚Üí Champions League via league finish
2009-2010,Manchester Utd,ENG,Premier League,2nd,38,27,4,7,86,28,58,85,74864,Wayne Rooney - 26,Edwin van der Sar,‚Üí Champions League via league finish
2008-2009,Manchester Utd,ENG,Premier League,1st,38,28,6,4,68,24,44,90,95385,Cristiano Ronaldo - 18,Edwin van der Sar,‚Üí Champions League via league finish
2007-2008,Manchester Utd,ENG,Premier League,1st,38,27,6,5,80,22,58,87,719065,Cristiano Ronaldo - 31,Edwin van der Sar,‚Üí Champions League via Champions League win
2006-2007,Manchester Utd,ENG,Premier League,1st,38,28,5,5,83,27,56,89,75821,Cristiano Ronaldo - 17,Edwin van der Sar,‚Üí Champions League via league finish
2005-2006,Manchester Utd,ENG,Premier League,2nd,38,25,8,5,72,34,38,83,68765,Ruud van Nistelrooy - 21,Edwin van der Sar,‚Üí Champions League via league finish
2004-2005,Manchester Utd,ENG,Premier League,3rd,38,22,11,5,58,26,32,77,67871,Wayne Rooney - 11,Roy Carroll,‚Üí Champions League via league finish
2003-2004,Manchester Utd,ENG,Premier League,3rd,38,23,6,9,64,35,29,75,67641,Ruud van Nistelrooy - 20,Tim Howard,‚Üí Champions League via league finish
2002-2003,Manchester Utd,ENG,Premier League,1st,38,25,8,5,74,34,40,83,67602,Ruud van Nistelrooy - 25,Fabien Barthez,‚Üí Champions League via league finish
2001-2002,Manchester Utd,ENG,Premier League,3rd,38,24,5,9,87,45,42,77,67558,Ruud van Nistelrooy - 23,Fabien Barthez,‚Üí Champions League via league finish
2000-2001,Manchester Utd,ENG,Premier League,1st,38,24,8,6,79,31,48,80,67490,Teddy Sheringham - 15,Fabien Barthez,‚Üí Champions League via league finish
1999-2000,Manchester Utd,ENG,Premier League,1st,38,28,7,3,97,45,52,91,56929,Dwight Yorke - 20,Mark Bosnich,‚Üí Champions League via league finish
1998-1999,Manchester Utd,ENG,Premier League,1st,38,22,13,3,80,37,43,79,55188,Dwight Yorke - 18,Peter Schmeichel,‚Üí Champions League via league finish
1997-1998,Manchester Utd,ENG,Premier League,2nd,38,23,8,7,73,26,47,77,55166,Andy Cole - 15,Peter Schmeichel,‚Üí Champions League via league finish
1996-1997,Manchester Utd,ENG,Premier League,1st,38,21,12,5,76,44,32,75,55081,Ole Gunnar Solskj√¶r - 18,Peter Schmeichel,‚Üí Champions League via league finish
1995-1996,Manchester Utd,ENG,Premier League,1st,38,25,7,6,73,35,38,82,41681,Eric Cantona - 14,Peter Schmeichel,‚Üí Champions League via league finish
1994-1995,Manchester Utd,ENG,Premier League,2nd,42,26,10,6,77,29,48,88,42763,Andrei Kanchelskis - 14,Peter Schmeichel,‚Üí UEFA Cup via league finish
1993-1994,Manchester Utd,ENG,Premier League,1st,42,27,11,4,80,38,42,92,44244,Eric Cantona - 18,Peter Schmeichel,‚Üí Champions League via league finish
1992-1993,Manchester Utd,ENG,Premier League,1st,42,24,12,6,67,31,36,84,35132,Mark Hughes - 15,Peter Schmeichel,‚Üí Champions League via league finish