Comp,Round,Day,Date,Time,Home,Score,Away,Attendance,Venue,Referee,Notes
Premier League,Premier League,Sat,2026-01-17,12:30,Manchester Utd,2–0,Manchester City,74004,Old Trafford,Anthony Taylor,
Premier League,Premier League,Sun,2025-09-14,16:30,Manchester City,3–0,Manchester Utd,52534,Etihad Stadium,Anthony Taylor,
Premier League,Premier League,Sun,2025-04-06,16:30,Manchester Utd,0–0,Manchester City,73738,Old Trafford,John Brooks,
Premier League,Premier League,Sun,2024-12-15,16:30,Manchester City,1–2,Manchester Utd,53184,Etihad Stadium,Anthony Taylor,
FA Community Shield,FA Community Shield,Sat,2024-08-10,15:00,Manchester City,(7) 1–1 (6),Manchester Utd,78146,Wembley Stadium connected by EE,Jarred Gillett,Manchester City won a penalty shoot-out following normal time
FA Cup,Final,Sat,2024-05-25,15:00,Manchester City,1–2,Manchester Utd,84814,Wembley Stadium connected by EE (Neutral Site),Andy Madley,
Premier League,Premier League,Sun,2024-03-03,15:30,Manchester City,3–1,Manchester Utd,53514,Etihad Stadium,Andy Madley,
Premier League,Premier League,Sun,2023-10-29,15:30,Manchester Utd,0–3,Manchester City,73502,Old Trafford,Paul Tierney,
FA Cup,Final,Sat,2023-06-03,15:00,Manchester City,2–1,Manchester Utd,83179,Wembley Stadium (Neutral Site),Paul Tierney,
Premier League,Premier League,Sat,2023-01-14,12:30,Manchester Utd,2–1,Manchester City,75546,Old Trafford,Stuart Attwell,
Premier League,Premier League,Sun,2022-10-02,14:00,Manchester City,6–3,Manchester Utd,53475,Etihad Stadium,Michael Oliver,
Premier League,Premier League,Sun,2022-03-06,16:30,Manchester City,4–1,Manchester Utd,53165,Etihad Stadium,Michael Oliver,
Premier League,Premier League,Sat,2021-11-06,12:30,Manchester Utd,0–2,Manchester City,73086,Old Trafford,Michael Oliver,
Premier League,Premier League,Sun,2021-03-07,16:30,Manchester City,0–2,Manchester Utd,,Etihad Stadium,Anthony Taylor,
EFL Cup,Semi-finals,Wed,2021-01-06,19:45,Manchester Utd,0–2,Manchester City,,Old Trafford,Martin Atkinson,
Premier League,Premier League,Sat,2020-12-12,17:30,Manchester Utd,0–0,Manchester City,,Old Trafford,Chris Kavanagh,
Premier League,Premier League,Sun,2020-03-08,16:30,Manchester Utd,2–0,Manchester City,73288,Old Trafford,Mike Dean,
EFL Cup,Semi-finals,Wed,2020-01-29,19:45,Manchester City,0–1,Manchester Utd,51000,Etihad Stadium,Kevin Friend,Leg 2 of 2; Manchester City won
EFL Cup,Semi-finals,Tue,2020-01-07,20:00,Manchester Utd,1–3,Manchester City,69023,Old Trafford,Mike Dean,Leg 1 of 2
Premier League,Premier League,Sat,2019-12-07,17:30,Manchester City,1–2,Manchester Utd,54403,Etihad Stadium,Anthony Taylor,
Premier League,Premier League,Wed,2019-04-24,20:00,Manchester Utd,0–2,Manchester City,74431,Old Trafford,Andre Marriner,
Premier League,Premier League,Sun,2018-11-11,16:30,Manchester City,3–1,Manchester Utd,54316,Etihad Stadium,Anthony Taylor,
Premier League,Premier League,Sat,2018-04-07,17:30,Manchester City,2–3,Manchester Utd,54259,Etihad Stadium,Martin Atkinson,
Premier League,Premier League,Sun,2017-12-10,16:30,Manchester Utd,1–2,Manchester City,74847,Old Trafford,Michael Oliver,
Premier League,Premier League,Thu,2017-04-27,20:00,Manchester City,0–0,Manchester Utd,54176,Etihad Stadium,Martin Atkinson,
EFL Cup,Fourth round,Wed,2016-10-26,20:00,Manchester Utd,1–0,Manchester City,75196,Old Trafford,Mike Dean,
Premier League,Premier League,Sat,2016-09-10,12:30,Manchester Utd,1–2,Manchester City,75272,Old Trafford,Mark Clattenburg,
Premier League,Premier League,Sun,2016-03-20,16:00,Manchester City,0–1,Manchester Utd,54557,Etihad Stadium,Michael Oliver,
Premier League,Premier League,Sun,2015-10-25,14:05,Manchester Utd,0–0,Manchester City,75329,Old Trafford,Mark Clattenburg,
Premier League,Premier League,Sun,2015-04-12,16:00,Manchester Utd,4–2,Manchester City,75313,Old Trafford,Mark Clattenburg,
Premier League,Premier League,Sun,2014-11-02,13:30,Manchester City,1–0,Manchester Utd,45358,Etihad Stadium,Michael Oliver,
Premier League,Premier League,Tue,2014-03-25,,Manchester Utd,0–3,Manchester City,75203,Old Trafford,Michael Oliver,
Premier League,Premier League,Sun,2013-09-22,,Manchester City,4–1,Manchester Utd,47156,Etihad Stadium,Howard Webb,
Premier League,Premier League,Mon,2013-04-08,,Manchester Utd,1–2,Manchester City,75498,Old Trafford,Mike Dean,
Premier League,Premier League,Sun,2012-12-09,,Manchester City,2–3,Manchester Utd,47166,Etihad Stadium,Martin Atkinson,
Premier League,Premier League,Mon,2012-04-30,,Manchester City,1–0,Manchester Utd,47259,Etihad Stadium,Andre Marriner,
Premier League,Premier League,Sun,2011-10-23,,Manchester Utd,1–6,Manchester City,75487,Old Trafford,Mark Clattenburg,
Premier League,Premier League,Sat,2011-02-12,,Manchester Utd,2–1,Manchester City,75322,Old Trafford,Andre Marriner,
Premier League,Premier League,Wed,2010-11-10,,Manchester City,0–0,Manchester Utd,47210,Etihad Stadium,Chris Foy,
Premier League,Premier League,Sat,2010-04-17,,Manchester City,0–1,Manchester Utd,47019,Etihad Stadium,Martin Atkinson,
Premier League,Premier League,Sun,2009-09-20,,Manchester Utd,4–3,Manchester City,75066,Old Trafford,Martin Atkinson,
Premier League,Premier League,Sun,2009-05-10,,Manchester Utd,2–0,Manchester City,75464,Old Trafford,Chris Foy,
Premier League,Premier League,Sun,2008-11-30,,Manchester City,0–1,Manchester Utd,47320,Etihad Stadium,Howard Webb,
Premier League,Premier League,Sun,2008-02-10,,Manchester Utd,1–2,Manchester City,,Old Trafford,Howard Webb,
Premier League,Premier League,Sun,2007-08-19,,Manchester City,1–0,Manchester Utd,,Etihad Stadium,Mark Clattenburg,
Premier League,Premier League,Sat,2007-05-05,,Manchester City,0–1,Manchester Utd,47244,Etihad Stadium,Rob Styles,
Premier League,Premier League,Sat,2006-12-09,,Manchester Utd,3–1,Manchester City,75858,Old Trafford,Graham Poll,
Premier League,Premier League,Sat,2006-01-14,,Manchester City,3–1,Manchester Utd,47192,Etihad Stadium,Stephen Bennett,
Premier League,Premier League,Sat,2005-09-10,,Manchester Utd,1–1,Manchester City,67839,Old Trafford,Stephen Bennett,
Premier League,Premier League,Sun,2005-02-13,,Manchester City,0–2,Manchester Utd,47111,Etihad Stadium,Stephen Bennett,
Premier League,Premier League,Sun,2004-11-07,,Manchester Utd,0–0,Manchester City,67863,Old Trafford,Graham Poll,
Premier League,Premier League,Sun,2004-03-14,,Manchester City,4–1,Manchester Utd,47284,Etihad Stadium,Stephen Bennett,
Premier League,Premier League,Sat,2003-12-13,,Manchester Utd,3–1,Manchester City,67643,Old Trafford,Mark Halsey,
Premier League,Premier League,Sun,2003-02-09,,Manchester Utd,1–1,Manchester City,67646,Old Trafford,Alan Wiley,
Premier League,Premier League,Sat,2002-11-09,,Manchester City,3–1,Manchester Utd,34649,Maine Road,Paul Durkin,
Premier League,Premier League,Sat,2001-04-21,,Manchester Utd,1–1,Manchester City,67535,Old Trafford,David Elleray,
Premier League,Premier League,Sat,2000-11-18,,Manchester City,0–1,Manchester Utd,34429,Maine Road,Steve Dunn,
Premier League,Premier League,Sat,1996-04-06,,Manchester City,2–3,Manchester Utd,29688,Maine Road,Mike Reed,
Premier League,Premier League,Sat,1995-10-14,,Manchester Utd,1–0,Manchester City,35707,Old Trafford,Roger Dilkes,
Premier League,Premier League,Sat,1995-02-11,,Manchester City,0–3,Manchester Utd,21430,Maine Road,Philip Don,
Premier League,Premier League,Thu,1994-11-10,,Manchester Utd,5–0,Manchester City,43738,Old Trafford,Keith Cooper,
Premier League,Premier League,Sat,1994-04-23,,Manchester Utd,2–0,Manchester City,44333,Old Trafford,Kelvin Morton,
Premier League,Premier League,Sun,1993-11-07,,Manchester City,2–3,Manchester Utd,35155,Maine Road,Robbie Hart,
Premier League,Premier League,Sat,1993-03-20,,Manchester City,1–1,Manchester Utd,37136,Maine Road,Robbie Hart,
Premier League,Premier League,Sun,1992-12-06,,Manchester Utd,2–1,Manchester City,35408,Old Trafford,Gerald Ashby,
First Division,First Division,Tue,1992-04-07,,Manchester Utd,1–1,Manchester City,,Old Trafford,,
First Division,First Division,Sat,1991-11-16,,Manchester City,0–0,Manchester Utd,,Old Trafford,,
First Division,First Division,Sat,1991-05-04,,Manchester Utd,1–0,Manchester City,,Old Trafford,,
First Division,First Division,Sat,1990-10-27,,Manchester City,3–3,Manchester Utd,,Old Trafford,,
First Division,First Division,Sat,1990-02-03,,Manchester Utd,1–1,Manchester City,,Old Trafford,,
First Division,First Division,Sat,1989-09-23,,Manchester City,5–1,Manchester Utd,,Old Trafford,,
First Division,First Division,Sat,1987-03-07,,Manchester Utd,2–0,Manchester City,,Old Trafford,,
First Division,First Division,Sun,1986-10-26,,Manchester City,1–1,Manchester Utd,,Old Trafford,,
First Division,First Division,Sat,1986-03-22,,Manchester Utd,2–2,Manchester City,,Old Trafford,,
First Division,First Division,Sat,1985-09-14,,Manchester City,0–3,Manchester Utd,,Old Trafford,,
First Division,First Division,Sat,1983-03-05,,Manchester City,1–2,Manchester Utd,,Old Trafford,,
First Division,First Division,Sat,1982-10-23,,Manchester Utd,2–2,Manchester City,,Old Trafford,,
First Division,First Division,Sat,1982-02-27,,Manchester Utd,1–1,Manchester City,,Old Trafford,,
First Division,First Division,Sat,1981-10-10,,Manchester City,0–0,Manchester Utd,,Old Trafford,,
First Division,First Division,Sat,1981-02-21,,Manchester City,1–0,Manchester Utd,,Old Trafford,,
First Division,First Division,Sat,1980-09-27,,Manchester Utd,2–2,Manchester City,,Old Trafford,,
First Division,First Division,Sat,1980-03-22,,Manchester Utd,1–0,Manchester City,,Old Trafford,,
First Division,First Division,Sat,1979-11-10,,Manchester City,2–0,Manchester Utd,,Old Trafford,,
First Division,First Division,Sat,1979-02-10,,Manchester City,0–3,Manchester Utd,,Old Trafford,,
First Division,First Division,Sat,1978-09-30,,Manchester Utd,1–0,Manchester City,,Old Trafford,,
First Division,First Division,Wed,1978-03-15,,Manchester Utd,2–2,Manchester City,,Old Trafford,,